{
    "East Dulwich": [
        51.4643429, 
        -0.0817527
    ], 
    "Kentish Town": [
        51.5529124, 
        -0.1422829
    ], 
    "Kings Cross": [
        51.5285549, 
        -0.1192425
    ]
}