{
    "N4 2BD": [
        51.56367840000001, 
        -0.0989813
    ], 
    "N18 1PU": [
        51.6183174, 
        -0.0775009
    ], 
    "N4 1BX": [
        51.571455, 
        -0.0960883
    ], 
    "E7 9QT": [
        51.5379387, 
        0.0279382
    ], 
    "N17 6HZ": [
        51.5968516, 
        -0.08019790000000002
    ], 
    "SE15 4LB": [
        51.4651468, 
        -0.07088749999999999
    ], 
    "N5 2JB": [
        51.5504282, 
        -0.08764849999999999
    ], 
    "N5 1PL": [
        51.55108329999999, 
        -0.1053049
    ], 
    "SW4 7DH": [
        51.457213, 
        -0.1306999
    ], 
    "SE26 6DP": [
        51.4240222, 
        -0.0572146
    ], 
    "SE15 6BE": [
        51.481173, 
        -0.07699470000000001
    ], 
    "SW4 OAQ": null, 
    "E15 3LF": [
        51.5344464, 
        0.007207
    ], 
    "E15 3LE": [
        51.5344464, 
        0.007207
    ], 
    "E14 8AH": [
        51.5099355, 
        -0.0295672
    ], 
    "SW17 9JJ": [
        51.4208728, 
        -0.1596112
    ], 
    "SW6 5QA": [
        51.47841760000001, 
        -0.200254
    ], 
    "N7 0NL": [
        51.55577150000001, 
        -0.1239643
    ], 
    "SW3 3QG": [
        51.4921174, 
        -0.1691609
    ], 
    "SW10 0LA": [
        51.4831721, 
        -0.1825966
    ], 
    "W12 0QU": [
        51.514627, 
        -0.2463446
    ], 
    "N15 4UH": [
        51.5866802, 
        -0.0686309
    ], 
    "NW6 5YP": [
        51.5305268, 
        -0.1971905
    ], 
    "N8 7AP": [
        51.5904582, 
        -0.1190852
    ], 
    "SW18 1NF": [
        51.4528987, 
        -0.2062377
    ], 
    "W8 6NX": [
        51.4945004, 
        -0.2011188
    ], 
    "SE14 6DN": [
        51.47718949999999, 
        -0.0390001
    ], 
    "SE15 3EJ": [
        51.4547829, 
        -0.0483521
    ], 
    "SW10 9PB": [
        51.4874987, 
        -0.1751506
    ], 
    "E6 3SE": [
        51.5218239, 
        0.04708619999999999
    ], 
    "WC2H 0BJ": [
        51.51223599999999, 
        -0.1282898
    ], 
    "N16 7TL": [
        51.5540342, 
        -0.0728125
    ], 
    "E3 3GH": [
        51.53077529999999, 
        -0.0293506
    ], 
    "N1 8RL": [
        51.5387771, 
        -0.09725049999999999
    ], 
    "NW6 2AB": [
        51.5443051, 
        -0.1943962
    ], 
    "W12 9DN": [
        51.5054094, 
        -0.2433123
    ], 
    "E5 9QB": [
        51.558806, 
        -0.0546353
    ], 
    "E8 3BY": [
        51.5441533, 
        -0.07347519999999999
    ], 
    "N17 9TR": [
        51.5979985, 
        -0.0673421
    ], 
    "SE26 5TH": [
        51.4247751, 
        -0.0392454
    ], 
    "N11 3BU": [
        51.6132644, 
        -0.156014
    ], 
    "SE18 7SX": [
        51.4844367, 
        0.07800599999999999
    ], 
    "E9 5DX": [
        51.5440562, 
        -0.0345545
    ], 
    "SE25 6QY": [
        51.39967189999999, 
        -0.0830027
    ], 
    "SW4 7NY": [
        51.4603498, 
        -0.1311619
    ], 
    "SE10 8DF": [
        51.4727603, 
        -0.0146677
    ], 
    "W12 8HP": [
        51.5034491, 
        -0.2289645
    ], 
    "SE15 3LF": [
        51.4632161, 
        -0.0596102
    ], 
    "NW5 3EH": [
        51.5474652, 
        -0.1461999
    ], 
    "E2 8QU": [
        51.5342063, 
        -0.0635714
    ], 
    "NW1 0PB": [
        51.53648159999999, 
        -0.1329189
    ], 
    "SE28 8NT": [
        51.5075861, 
        0.1290356
    ], 
    "SE17 1QS": [
        51.4912897, 
        -0.0863357
    ], 
    "SE28 8BB": [
        51.50404169999999, 
        0.1201669
    ], 
    "E16 4LB": [
        51.5231145, 
        0.0119991
    ], 
    "W6 0PW": [
        51.4972272, 
        -0.2284277
    ], 
    "N4 2EH": [
        51.56137709999999, 
        -0.1006932
    ], 
    "E10 7NL": [
        51.5703115, 
        -0.0322245
    ], 
    "SE4 2HU": [
        51.4570062, 
        -0.04201
    ], 
    "SW5 0NF": [
        51.493928, 
        -0.1867211
    ], 
    "SE23 3LZ": [
        51.44438590000001, 
        -0.0520476
    ], 
    "SE1 3BZ": [
        51.4989024, 
        -0.07894269999999999
    ], 
    "SW1P 1NL": [
        51.49576810000001, 
        -0.1416999
    ], 
    "W9 2PR": [
        51.5235202, 
        -0.1854305
    ], 
    "WC1X 0LR": [
        51.5270328, 
        -0.115631
    ], 
    "E15 3EP": [
        51.535035, 
        0.012741
    ]
}
